id ,Age,Gender,Total_Bilirubin,Direct_Bilirubin,Alkaline_Phosphotase,Alamine_Aminotransferase,Aspartate_Aminotransferase,Total_Protiens,Albumin,Albumin_and_Globulin_Ratio,Dataset
1,65,0,0.7,0.1,187,16,18,6.8,3.3,0.9,1
2,62,1,10.9,5.5,699,64,100,7.5,3.2,0.74,1
3,62,1,7.3,4.1,490,60,68,7.0,3.3,0.89,1
4,58,1,1.0,0.4,182,14,20,6.8,3.4,1.0,1
5,72,1,3.9,2.0,195,27,59,7.3,2.4,0.4,1
6,46,1,1.8,0.7,208,19,14,7.6,4.4,1.3,1
7,26,0,0.9,0.2,154,16,12,7.0,3.5,1.0,1
8,29,0,0.9,0.3,202,14,11,6.7,3.6,1.1,1
9,17,1,0.9,0.3,202,22,19,7.4,4.1,1.2,2
10,55,1,0.7,0.2,290,53,58,6.8,3.4,1.0,1
11,57,1,0.6,0.1,210,51,59,5.9,2.7,0.8,1
12,72,1,2.7,1.3,260,31,56,7.4,3.0,0.6,1
13,64,1,0.9,0.3,310,61,58,7.0,3.4,0.9,2
14,74,0,1.1,0.4,214,22,30,8.1,4.1,1.0,1
15,61,1,0.7,0.2,145,53,41,5.8,2.7,0.87,1
17,38,1,1.8,0.8,342,168,441,7.6,4.4,1.3,1
18,33,1,1.6,0.5,165,15,23,7.3,3.5,0.92,2
21,51,1,2.2,1.0,610,17,28,7.3,2.6,0.55,1
22,51,1,2.9,1.3,482,22,34,7.0,2.4,0.5,1
23,62,1,6.8,3.0,542,116,66,6.4,3.1,0.9,1
24,40,1,1.9,1.0,231,16,55,4.3,1.6,0.6,1
25,63,1,0.9,0.2,194,52,45,6.0,3.9,1.85,2
26,34,1,4.1,2.0,289,875,731,5.0,2.7,1.1,1
27,34,1,4.1,2.0,289,875,731,5.0,2.7,1.1,1
28,34,1,6.2,3.0,240,1680,850,7.2,4.0,1.2,1
29,20,1,1.1,0.5,128,20,30,3.9,1.9,0.95,2
30,84,0,0.7,0.2,188,13,21,6.0,3.2,1.1,2
31,57,1,4.0,1.9,190,45,111,5.2,1.5,0.4,1
32,52,1,0.9,0.2,156,35,44,4.9,2.9,1.4,1
33,57,1,1.0,0.3,187,19,23,5.2,2.9,1.2,2
34,38,0,2.6,1.2,410,59,57,5.6,3.0,0.8,2
35,38,0,2.6,1.2,410,59,57,5.6,3.0,0.8,2
36,30,1,1.3,0.4,482,102,80,6.9,3.3,0.9,1
37,17,0,0.7,0.2,145,18,36,7.2,3.9,1.18,2
38,46,0,14.2,7.8,374,38,77,4.3,2.0,0.8,1
39,48,1,1.4,0.6,263,38,66,5.8,2.2,0.61,1
41,45,1,2.4,1.1,168,33,50,5.1,2.6,1.0,1
42,62,1,0.6,0.1,160,42,110,4.9,2.6,1.1,2
43,42,1,6.8,3.2,630,25,47,6.1,2.3,0.6,2
44,50,1,2.6,1.2,415,407,576,6.4,3.2,1.0,1
45,85,0,1.0,0.3,208,17,15,7.0,3.6,1.0,2
46,35,1,1.8,0.6,275,48,178,6.5,3.2,0.9,2
47,21,1,3.9,1.8,150,36,27,6.8,3.9,1.34,1
48,40,1,1.1,0.3,230,1630,960,4.9,2.8,1.3,1
49,32,0,0.6,0.1,176,39,28,6.0,3.0,1.0,1
50,55,1,18.4,8.8,206,64,178,6.2,1.8,0.4,1
51,45,0,0.7,0.2,170,21,14,5.7,2.5,0.7,1
52,34,0,0.6,0.1,161,15,19,6.6,3.4,1.0,1
53,38,1,3.1,1.6,253,80,406,6.8,3.9,1.3,1
54,38,1,1.1,0.3,198,86,150,6.3,3.5,1.2,1
55,42,1,8.9,4.5,272,31,61,5.8,2.0,0.5,1
56,42,1,8.9,4.5,272,31,61,5.8,2.0,0.5,1
57,33,1,0.8,0.2,198,26,23,8.0,4.0,1.0,2
58,48,0,0.9,0.2,175,24,54,5.5,2.7,0.9,2
59,51,1,0.8,0.2,367,42,18,5.2,2.0,0.6,1
60,64,1,1.1,0.5,145,20,24,5.5,3.2,1.39,2
61,31,0,0.8,0.2,158,21,16,6.0,3.0,1.0,1
62,58,1,1.0,0.5,158,37,43,7.2,3.6,1.0,1
63,58,1,1.0,0.5,158,37,43,7.2,3.6,1.0,1
64,57,1,0.7,0.2,208,35,97,5.1,2.1,0.7,1
65,57,1,1.3,0.4,259,40,86,6.5,2.5,0.6,1
66,57,1,1.4,0.7,470,62,88,5.6,2.5,0.8,1
67,54,1,2.2,1.2,195,55,95,6.0,3.7,1.6,1
68,37,1,1.8,0.8,215,53,58,6.4,3.8,1.4,1
69,66,1,0.7,0.2,239,27,26,6.3,3.7,1.4,1
70,60,1,0.8,0.2,215,24,17,6.3,3.0,0.9,2
71,19,0,0.7,0.2,186,166,397,5.5,3.0,1.2,1
72,75,0,0.8,0.2,188,20,29,4.4,1.8,0.6,1
73,75,0,0.8,0.2,205,27,24,4.4,2.0,0.8,1
74,52,1,0.6,0.1,171,22,16,6.6,3.6,1.2,1
75,68,1,0.7,0.1,145,20,22,5.8,2.9,1.0,1
76,29,0,0.7,0.1,162,52,41,5.2,2.5,0.9,2
78,68,0,0.6,0.1,1620,95,127,4.6,2.1,0.8,1
79,70,1,1.4,0.6,146,12,24,6.2,3.8,1.58,2
80,58,0,2.8,1.3,670,48,79,4.7,1.6,0.5,1
81,58,0,2.4,1.1,915,60,142,4.7,1.8,0.6,1
83,49,1,0.7,0.1,148,14,12,5.4,2.8,1.0,2
84,33,1,2.0,1.0,258,194,152,5.4,3.0,1.25,1
85,32,1,0.6,0.1,237,45,31,7.5,4.3,1.34,1
86,14,1,1.4,0.5,269,58,45,6.7,3.9,1.4,1
87,13,1,0.6,0.1,320,28,56,7.2,3.6,1.0,2
88,58,1,0.8,0.2,298,33,59,6.2,3.1,1.0,1
89,18,1,0.6,0.2,538,33,34,7.5,3.2,0.7,1
90,60,1,4.0,1.9,238,119,350,7.1,3.3,0.8,1
91,60,1,5.7,2.8,214,412,850,7.3,3.2,0.78,1
92,60,1,6.8,3.2,308,404,794,6.8,3.0,0.7,1
93,60,1,8.6,4.0,298,412,850,7.4,3.0,0.6,1
94,60,1,5.8,2.7,204,220,400,7.0,3.0,0.7,1
95,60,1,5.2,2.4,168,126,202,6.8,2.9,0.7,1
96,75,1,0.9,0.2,282,25,23,4.4,2.2,1.0,1
97,39,1,3.8,1.5,298,102,630,7.1,3.3,0.8,1
98,39,1,6.6,3.0,215,190,950,4.0,1.7,0.7,1
99,18,1,0.6,0.1,265,97,161,5.9,3.1,1.1,1
100,18,1,0.7,0.1,312,308,405,6.9,3.7,1.1,1
101,27,1,0.6,0.2,161,27,28,3.7,1.6,0.76,2
102,27,1,0.7,0.2,243,21,23,5.3,2.3,0.7,2
103,17,1,0.9,0.2,224,36,45,6.9,4.2,1.55,1
104,55,0,0.8,0.2,225,14,23,6.1,3.3,1.2,2
105,63,1,0.5,0.1,170,21,28,5.5,2.5,0.8,1
108,36,1,0.8,0.2,158,29,39,6.0,2.2,0.5,2
109,36,1,0.8,0.2,158,29,39,6.0,2.2,0.5,2
110,36,1,0.9,0.1,486,25,34,5.9,2.8,0.9,2
111,24,0,0.7,0.2,188,11,10,5.5,2.3,0.71,2
112,48,1,3.2,1.6,257,33,116,5.7,2.2,0.62,1
113,27,1,1.2,0.4,179,63,39,6.1,3.3,1.1,2
114,74,1,0.6,0.1,272,24,98,5.0,2.0,0.6,1
116,50,1,7.3,3.6,1580,88,64,5.6,2.3,0.6,2
117,48,1,0.7,0.1,1630,74,149,5.3,2.0,0.6,1
119,32,1,15.9,7.0,280,1350,1600,5.6,2.8,1.0,1
120,32,1,18.0,8.2,298,1250,1050,5.4,2.6,0.9,1
123,58,1,1.7,0.8,188,60,84,5.9,3.5,1.4,2
124,64,0,0.8,0.2,178,17,18,6.3,3.1,0.9,1
125,28,1,0.6,0.1,177,36,29,6.9,4.1,1.4,2
126,60,1,1.8,0.5,201,45,25,3.9,1.7,0.7,2
127,48,1,5.8,2.5,802,133,88,6.0,2.8,0.8,1
128,64,1,3.0,1.4,248,46,40,6.5,3.2,0.9,1
129,58,0,1.7,0.8,1896,61,83,8.0,3.9,0.95,1
130,45,1,2.8,1.7,263,57,65,5.1,2.3,0.8,1
131,45,1,3.2,1.4,512,50,58,6.0,2.7,0.8,1
132,70,0,0.7,0.2,237,18,28,5.8,2.5,0.75,2
133,18,0,0.8,0.2,199,34,31,6.5,3.5,1.16,2
134,53,1,0.9,0.4,238,17,14,6.6,2.9,0.8,1
135,18,1,1.8,0.7,178,35,36,6.8,3.6,1.1,1
137,46,0,4.7,2.2,310,62,90,6.4,2.5,0.6,1
138,18,1,0.8,0.2,282,72,140,5.5,2.5,0.8,1
139,18,1,0.8,0.2,282,72,140,5.5,2.5,0.8,1
140,15,1,0.8,0.2,380,25,66,6.1,3.7,1.5,1
141,60,1,0.6,0.1,186,20,21,6.2,3.3,1.1,2
142,66,0,4.2,2.1,159,15,30,7.1,2.2,0.4,1
143,30,1,1.6,0.4,332,84,139,5.6,2.7,0.9,1
144,30,1,1.6,0.4,332,84,139,5.6,2.7,0.9,1
146,65,1,0.8,0.2,201,18,22,5.4,2.9,1.1,2
147,66,0,2.9,1.3,168,21,38,5.5,1.8,0.4,1
148,65,1,0.7,0.1,392,20,30,5.3,2.8,1.1,1
149,50,1,0.9,0.2,202,20,26,7.2,4.5,1.66,1
150,60,1,0.8,0.2,286,21,27,7.1,4.0,1.2,1
151,56,1,1.1,0.5,180,30,42,6.9,3.8,1.2,2
152,50,1,1.6,0.8,218,18,20,5.9,2.9,0.96,1
153,46,0,0.8,0.2,182,20,40,6.0,2.9,0.9,1
154,52,1,0.6,0.1,178,26,27,6.5,3.6,1.2,2
156,34,1,8.7,4.0,298,58,138,5.8,2.4,0.7,1
157,32,1,0.9,0.3,462,70,82,6.2,3.1,1.0,1
158,72,1,0.7,0.1,196,20,35,5.8,2.0,0.5,1
159,72,1,0.7,0.1,196,20,35,5.8,2.0,0.5,1
160,50,1,1.2,0.4,282,36,32,7.2,3.9,1.1,1
162,60,1,11.5,5.0,1050,99,187,6.2,2.8,0.8,1
163,60,1,5.8,2.7,599,43,66,5.4,1.8,0.5,1
164,39,1,1.9,0.9,180,42,62,7.4,4.3,1.38,1
165,39,1,1.9,0.9,180,42,62,7.4,4.3,1.38,1
166,48,1,4.5,2.3,282,13,74,7.0,2.4,0.52,1
168,47,0,3.0,1.5,292,64,67,5.6,1.8,0.47,1
169,60,1,22.8,12.6,962,53,41,6.9,3.3,0.9,1
170,60,1,8.9,4.0,950,33,32,6.8,3.1,0.8,1
171,72,1,1.7,0.8,200,28,37,6.2,3.0,0.93,1
172,44,0,1.9,0.6,298,378,602,6.6,3.3,1.0,1
173,55,1,14.1,7.6,750,35,63,5.0,1.6,0.47,1
174,31,1,0.6,0.1,175,48,34,6.0,3.7,1.6,1
175,31,1,0.6,0.1,175,48,34,6.0,3.7,1.6,1
176,31,1,0.8,0.2,198,43,31,7.3,4.0,1.2,1
177,55,1,0.8,0.2,482,112,99,5.7,2.6,0.8,1
178,75,1,14.8,9.0,1020,71,42,5.3,2.2,0.7,1
179,75,1,10.6,5.0,562,37,29,5.1,1.8,0.5,1
180,75,1,8.0,4.6,386,30,25,5.5,1.8,0.48,1
181,75,1,2.8,1.3,250,23,29,2.7,0.9,0.5,1
182,75,1,2.9,1.3,218,33,37,3.0,1.5,1.0,1
183,65,1,1.9,0.8,170,36,43,3.8,1.4,0.58,2
184,40,1,0.6,0.1,171,20,17,5.4,2.5,0.8,1
185,64,1,1.1,0.4,201,18,19,6.9,4.1,1.4,1
186,38,1,1.5,0.4,298,60,103,6.0,3.0,1.0,2
187,60,1,3.2,1.8,750,79,145,7.8,3.2,0.69,1
188,60,1,2.1,1.0,191,114,247,4.0,1.6,0.6,1
189,60,1,1.9,0.8,614,42,38,4.5,1.8,0.6,1
190,48,0,0.8,0.2,218,32,28,5.2,2.5,0.9,2
191,60,1,6.3,3.2,314,118,114,6.6,3.7,1.27,1
192,60,1,5.8,3.0,257,107,104,6.6,3.5,1.12,1
193,60,1,2.3,0.6,272,79,51,6.6,3.5,1.1,1
194,49,1,1.3,0.4,206,30,25,6.0,3.1,1.06,2
195,49,1,2.0,0.6,209,48,32,5.7,3.0,1.1,2
196,60,1,2.4,1.0,1124,30,54,5.2,1.9,0.5,1
197,60,1,2.0,1.1,664,52,104,6.0,2.1,0.53,1
198,26,0,0.6,0.2,142,12,32,5.7,2.4,0.75,1
199,41,1,0.9,0.2,169,22,18,6.1,3.0,0.9,2
201,49,1,0.6,0.1,218,50,53,5.0,2.4,0.9,1
202,49,1,0.6,0.1,218,50,53,5.0,2.4,0.9,1
203,38,0,0.8,0.2,145,19,23,6.1,3.1,1.03,2
204,21,1,1.0,0.3,142,27,21,6.4,3.5,1.2,2
205,21,1,0.7,0.2,135,27,26,6.4,3.3,1.0,2
206,45,1,2.5,1.2,163,28,22,7.6,4.0,1.1,1
207,40,1,3.6,1.8,285,50,60,7.0,2.9,0.7,1
210,45,0,0.9,0.3,189,23,33,6.6,3.9,0.66,1
211,28,1,0.8,0.3,190,20,14,4.1,2.4,1.4,1
212,42,1,2.7,1.3,219,60,180,7.0,3.2,0.8,1
214,8,0,0.9,0.2,401,25,58,7.5,3.4,0.8,1
215,38,1,1.7,1.0,180,18,34,7.2,3.6,1.0,1
217,55,1,0.9,0.2,116,36,16,6.2,3.2,1.0,2
218,49,1,1.1,0.5,159,30,31,7.0,4.3,1.5,1
219,6,1,0.6,0.1,289,38,30,4.8,2.0,0.7,2
220,37,1,0.8,0.2,125,41,39,6.4,3.4,1.1,1
221,37,1,0.8,0.2,147,27,46,5.0,2.5,1.0,1
222,47,1,0.9,0.2,192,38,24,7.3,4.3,1.4,1
223,47,1,0.9,0.2,265,40,28,8.0,4.0,1.0,1
224,50,1,1.1,0.3,175,20,19,7.1,4.5,1.7,2
225,70,1,1.7,0.5,400,56,44,5.7,3.1,1.1,1
226,26,1,0.6,0.2,120,45,51,7.9,4.0,1.0,1
227,26,1,1.3,0.4,173,38,62,8.0,4.0,1.0,1
228,68,0,0.7,0.2,186,18,15,6.4,3.8,1.4,1
229,65,0,1.0,0.3,202,26,13,5.3,2.6,0.9,2
230,46,1,0.6,0.2,290,26,21,6.0,3.0,1.0,1
231,61,1,1.5,0.6,196,61,85,6.7,3.8,1.3,2
232,61,1,0.8,0.1,282,85,231,8.5,4.3,1.0,1
234,33,1,2.0,1.4,2110,48,89,6.2,3.0,0.9,1
235,40,0,0.9,0.2,285,32,27,7.7,3.5,0.8,1
236,60,1,1.5,0.6,360,230,298,4.5,2.0,0.8,1
237,22,1,0.8,0.2,300,57,40,7.9,3.8,0.9,2
238,35,0,0.9,0.3,158,20,16,8.0,4.0,1.0,1
239,35,0,0.9,0.2,190,40,35,7.3,4.7,1.8,2
240,40,1,0.9,0.3,196,69,48,6.8,3.1,0.8,1
241,48,1,0.7,0.2,165,32,30,8.0,4.0,1.0,2
242,51,1,0.8,0.2,230,24,46,6.5,3.1,1.0,1
243,29,0,0.8,0.2,205,30,23,8.2,4.1,1.0,1
244,28,0,0.9,0.2,316,25,23,8.5,5.5,1.8,1
245,54,1,0.8,0.2,218,20,19,6.3,2.5,0.6,1
246,54,1,0.9,0.2,290,15,18,6.1,2.8,0.8,1
247,55,1,1.8,9.0,272,22,79,6.1,2.7,0.7,1
248,55,1,0.9,0.2,190,25,28,5.9,2.7,0.8,1
249,40,1,0.7,0.1,202,37,29,5.0,2.6,1.0,1
250,33,1,1.2,0.3,498,28,25,7.0,3.0,0.7,1
251,33,1,2.1,1.3,480,38,22,6.5,3.0,0.8,1
252,33,1,0.9,0.8,680,37,40,5.9,2.6,0.8,1
253,65,1,1.1,0.3,258,48,40,7.0,3.9,1.2,2
254,35,0,0.6,0.2,180,12,15,5.2,2.7,1.0,2
256,38,1,1.7,0.7,859,89,48,6.0,3.0,1.0,1
257,50,1,0.9,0.3,901,23,17,6.2,3.5,1.2,1
258,44,1,0.8,0.2,335,148,86,5.6,3.0,1.1,1
259,36,1,0.8,0.2,182,31,34,6.4,3.8,1.4,2
260,42,1,30.5,14.2,285,65,130,5.2,2.1,0.6,1
261,42,1,16.4,8.9,245,56,87,5.4,2.0,0.5,1
262,33,1,1.5,7.0,505,205,140,7.5,3.9,1.0,1
263,18,1,0.8,0.2,228,55,54,6.9,4.0,1.3,1
264,38,0,0.8,0.2,185,25,21,7.0,3.0,0.7,1
265,38,1,0.8,0.2,247,55,92,7.4,4.3,1.38,2
266,4,1,0.9,0.2,348,30,34,8.0,4.0,1.0,2
267,62,1,1.2,0.4,195,38,54,6.3,3.8,1.5,1
268,43,0,0.9,0.3,140,12,29,7.4,3.5,1.8,1
269,40,1,14.5,6.4,358,50,75,5.7,2.1,0.5,1
271,37,1,0.7,0.2,235,96,54,9.5,4.9,1.0,1
272,4,1,0.8,0.2,460,152,231,6.5,3.2,0.9,2
273,21,1,18.5,9.5,380,390,500,8.2,4.1,1.0,1
274,30,1,0.7,0.2,262,15,18,9.6,4.7,1.2,1
275,33,1,1.8,0.8,196,25,22,8.0,4.0,1.0,1
276,26,1,1.9,0.8,180,22,19,8.2,4.1,1.0,2
277,35,1,0.9,0.2,190,25,20,6.4,3.6,1.2,2
278,60,1,2.0,0.8,190,45,40,6.0,2.8,0.8,1
279,45,1,2.2,0.8,209,25,20,8.0,4.0,1.0,1
280,48,0,1.0,1.4,144,18,14,8.3,4.2,1.0,1
282,50,1,0.7,0.2,192,18,15,7.4,4.2,1.3,2
283,50,1,0.7,0.2,188,12,14,7.0,3.4,0.9,1
284,18,1,1.3,0.7,316,10,21,6.0,2.1,0.5,2
285,18,1,0.9,0.3,300,30,48,8.0,4.0,1.0,1
286,13,1,1.5,0.5,575,29,24,7.9,3.9,0.9,1
287,34,0,0.8,0.2,192,15,12,8.6,4.7,1.2,1
288,43,1,1.3,0.6,155,15,20,8.0,4.0,1.0,2
289,50,0,1.0,0.5,239,16,39,7.5,3.7,0.9,1
290,57,1,4.5,2.3,315,120,105,7.0,4.0,1.3,1
291,45,0,1.0,0.3,250,48,44,8.6,4.3,1.0,1
292,60,1,0.7,0.2,174,32,14,7.8,4.2,1.1,2
293,45,1,0.6,0.2,245,22,24,7.1,3.4,0.9,1
294,23,1,1.1,0.5,191,37,41,7.7,4.3,1.2,2
295,22,1,2.4,1.0,340,25,21,8.3,4.5,1.1,1
296,22,1,0.6,0.2,202,78,41,8.0,3.9,0.9,1
297,74,0,0.9,0.3,234,16,19,7.9,4.0,1.0,1
298,25,0,0.9,0.3,159,24,25,6.9,4.4,1.7,2
299,31,0,1.1,0.3,190,26,15,7.9,3.8,0.9,1
300,24,0,0.9,0.2,195,40,35,7.4,4.1,1.2,2
301,58,1,0.8,0.2,180,32,25,8.2,4.4,1.1,2
302,51,0,0.9,0.2,280,21,30,6.7,3.2,0.8,1
303,50,0,1.7,0.6,430,28,32,6.8,3.5,1.0,1
304,50,1,0.7,0.2,206,18,17,8.4,4.2,1.0,2
305,55,0,0.8,0.2,155,21,17,6.9,3.8,1.4,1
306,54,0,1.4,0.7,195,36,16,7.9,3.7,0.9,2
307,48,1,1.6,1.0,588,74,113,7.3,2.4,0.4,1
308,30,1,0.8,0.2,174,21,47,4.6,2.3,1.0,1
309,45,0,0.8,0.2,165,22,18,8.2,4.1,1.0,1
310,48,0,1.1,0.7,527,178,250,8.0,4.2,1.1,1
311,51,1,0.8,0.2,175,48,22,8.1,4.6,1.3,1
312,54,0,23.2,12.6,574,43,47,7.2,3.5,0.9,1
314,30,0,0.8,0.2,158,25,22,7.9,4.5,1.3,2
315,26,1,2.0,0.9,195,24,65,7.8,4.3,1.2,1
316,22,1,0.9,0.3,179,18,21,6.7,3.7,1.2,2
317,44,1,0.9,0.2,182,29,82,7.1,3.7,1.0,2
318,35,1,0.7,0.2,198,42,30,6.8,3.4,1.0,1
319,38,1,3.7,2.2,216,179,232,7.8,4.5,1.3,1
320,14,1,0.9,0.3,310,21,16,8.1,4.2,1.0,2
322,30,0,0.8,0.2,198,30,58,5.2,2.8,1.1,1
323,36,1,1.7,0.5,205,36,34,7.1,3.9,1.2,1
324,12,1,0.8,0.2,302,47,67,6.7,3.5,1.1,2
325,60,1,2.6,1.2,171,42,37,5.4,2.7,1.0,1
326,42,1,0.8,0.2,158,27,23,6.7,3.1,0.8,2
327,36,0,1.2,0.4,358,160,90,8.3,4.4,1.1,2
328,24,1,3.3,1.6,174,11,33,7.6,3.9,1.0,2
329,43,1,0.8,0.2,192,29,20,6.0,2.9,0.9,2
330,21,1,0.7,0.2,211,14,23,7.3,4.1,1.2,2
332,26,1,1.7,0.6,210,62,56,5.4,2.2,0.6,1
334,36,0,0.7,0.2,152,21,25,5.9,3.1,1.1,2
335,13,0,0.7,0.2,350,17,24,7.4,4.0,1.1,1
336,13,0,0.7,0.1,182,24,19,8.9,4.9,1.2,1
337,75,1,6.7,3.6,458,198,143,6.2,3.2,1.0,1
338,75,1,2.5,1.2,375,85,68,6.4,2.9,0.8,1
339,75,1,1.8,0.8,405,79,50,6.1,2.9,0.9,1
340,75,1,1.4,0.4,215,50,30,5.9,2.6,0.7,1
341,75,1,0.9,0.2,206,44,33,6.2,2.9,0.8,1
342,36,0,0.8,0.2,650,70,138,6.6,3.1,0.8,1
343,35,1,0.8,0.2,198,36,32,7.0,4.0,1.3,2
344,70,1,3.1,1.6,198,40,28,5.6,2.0,0.5,1
345,37,1,0.8,0.2,195,60,40,8.2,5.0,1.5,2
346,60,1,2.9,1.3,230,32,44,5.6,2.0,0.5,1
349,70,1,1.3,0.4,358,19,14,6.1,2.8,0.8,1
350,49,0,0.8,0.2,158,19,15,6.6,3.6,1.2,2
352,37,1,1.3,0.4,195,41,38,5.3,2.1,0.6,1
353,26,0,0.7,0.2,144,36,33,8.2,4.3,1.1,1
354,48,0,1.4,0.8,621,110,176,7.2,3.9,1.1,1
355,48,0,0.8,0.2,150,25,23,7.5,3.9,1.0,1
356,19,1,1.4,0.8,178,13,26,8.0,4.6,1.3,2
357,33,1,0.7,0.2,256,21,30,8.5,3.9,0.8,1
358,33,1,2.1,0.7,205,50,38,6.8,3.0,0.7,1
359,37,1,0.7,0.2,176,28,34,5.6,2.6,0.8,1
361,24,1,0.7,0.2,218,47,26,6.6,3.3,1.0,1
362,65,0,0.7,0.2,182,23,28,6.8,2.9,0.7,2
363,55,1,1.1,0.3,215,21,15,6.2,2.9,0.8,2
364,42,0,0.9,0.2,165,26,29,8.5,4.4,1.0,2
365,21,1,0.8,0.2,183,33,57,6.8,3.5,1.0,2
366,40,1,0.7,0.2,176,28,43,5.3,2.4,0.8,2
367,16,1,0.7,0.2,418,28,35,7.2,4.1,1.3,2
368,60,1,2.2,1.0,271,45,52,6.1,2.9,0.9,2
369,42,0,0.8,0.2,182,22,20,7.2,3.9,1.1,1
370,58,0,0.8,0.2,130,24,25,7.0,4.0,1.3,1
371,54,0,22.6,11.4,558,30,37,7.8,3.4,0.8,1
372,33,1,0.8,0.2,135,30,29,7.2,4.4,1.5,2
373,48,1,0.7,0.2,326,29,17,8.7,5.5,1.7,1
374,25,0,0.7,0.1,140,32,25,7.6,4.3,1.3,2
375,56,0,0.7,0.1,145,26,23,7.0,4.0,1.3,2
376,47,1,3.5,1.6,206,32,31,6.8,3.4,1.0,1
377,33,1,0.7,0.1,168,35,33,7.0,3.7,1.1,1
378,20,0,0.6,0.2,202,12,13,6.1,3.0,0.9,2
379,50,0,0.7,0.1,192,20,41,7.3,3.3,0.8,1
380,72,1,0.7,0.2,185,16,22,7.3,3.7,1.0,2
381,50,1,1.7,0.8,331,36,53,7.3,3.4,0.9,1
382,39,1,0.6,0.2,188,28,43,8.1,3.3,0.6,1
383,58,0,0.7,0.1,172,27,22,6.7,3.2,0.9,1
384,60,0,1.4,0.7,159,10,12,4.9,2.5,1.0,2
385,34,1,3.7,2.1,490,115,91,6.5,2.8,0.7,1
386,50,1,0.8,0.2,152,29,30,7.4,4.1,1.3,1
387,38,1,2.7,1.4,105,25,21,7.5,4.2,1.2,2
388,51,1,0.8,0.2,160,34,20,6.9,3.7,1.1,1
389,46,1,0.8,0.2,160,31,40,7.3,3.8,1.1,1
391,72,1,0.8,0.2,148,23,35,6.0,3.0,1.0,1
392,75,1,0.9,0.2,162,25,20,6.9,3.7,1.1,1
394,41,1,2.7,1.3,580,142,68,8.0,4.0,1.0,1
395,48,0,1.0,0.3,310,37,56,5.9,2.5,0.7,1
396,45,1,0.8,0.2,140,24,20,6.3,3.2,1.0,2
397,74,1,1.0,0.3,175,30,32,6.4,3.4,1.1,1
398,78,1,1.0,0.3,152,28,70,6.3,3.1,0.9,1
399,38,1,0.8,0.2,208,25,50,7.1,3.7,1.0,1
401,66,0,0.7,0.2,162,24,20,6.4,3.2,1.0,2
404,65,1,0.7,0.2,199,19,22,6.3,3.6,1.3,2
405,22,1,0.8,0.2,198,20,26,6.8,3.9,1.3,1
406,31,0,0.8,0.2,215,15,21,7.6,4.0,1.1,1
407,45,1,0.7,0.2,180,18,58,6.7,3.7,1.2,2
408,12,1,1.0,0.2,719,157,108,7.2,3.7,1.0,1
409,48,1,2.4,1.1,554,141,73,7.5,3.6,0.9,1
410,48,1,5.0,2.6,555,284,190,6.5,3.3,1.0,1
411,18,1,1.4,0.6,215,440,850,5.0,1.9,0.6,1
412,23,0,2.3,0.8,509,28,44,6.9,2.9,0.7,2
413,65,1,4.9,2.7,190,33,71,7.1,2.9,0.7,1
414,48,1,0.7,0.2,208,15,30,4.6,2.1,0.8,2
415,65,1,1.4,0.6,260,28,24,5.2,2.2,0.7,2
416,70,1,1.3,0.3,690,93,40,3.6,2.7,0.7,1
417,70,1,0.6,0.1,862,76,180,6.3,2.7,0.75,1
418,11,1,0.7,0.1,592,26,29,7.1,4.2,1.4,2
419,50,1,4.2,2.3,450,69,50,7.0,3.0,0.7,1
420,55,0,8.2,3.9,1350,52,65,6.7,2.9,0.7,1
422,26,1,1.0,0.3,163,48,71,7.1,3.7,1.0,2
423,41,1,1.2,0.5,246,34,42,6.9,3.4,0.97,1
424,53,1,1.6,0.9,178,44,59,6.5,3.9,1.5,2
425,32,0,0.7,0.1,240,12,15,7.0,3.0,0.7,1
427,45,1,1.3,0.6,166,49,42,5.6,2.5,0.8,2
428,65,1,0.9,0.2,170,33,66,7.0,3.0,0.75,1
429,52,0,0.6,0.1,194,10,12,6.9,3.3,0.9,2
430,73,1,1.9,0.7,1750,102,141,5.5,2.0,0.5,1
431,53,0,0.7,0.1,182,20,33,4.8,1.9,0.6,1
432,47,0,0.8,0.2,236,10,13,6.7,2.9,0.76,2
433,29,1,0.7,0.2,165,55,87,7.5,4.6,1.58,1
434,41,0,0.9,0.2,201,31,24,7.6,3.8,1.0,2
435,30,0,0.7,0.2,194,32,36,7.5,3.6,0.92,2
436,17,0,0.5,0.1,206,28,21,7.1,4.5,1.7,2
438,35,1,1.6,0.7,157,15,44,5.2,2.5,0.9,1
439,65,1,0.8,0.2,162,30,90,3.8,1.4,0.5,1
440,42,0,0.8,0.2,168,25,18,6.2,3.1,1.0,1
441,49,0,0.8,0.2,198,23,20,7.0,4.3,1.5,1
442,42,0,2.3,1.1,292,29,39,4.1,1.8,0.7,1
443,42,0,7.4,3.6,298,52,102,4.6,1.9,0.7,1
444,42,0,0.7,0.2,152,35,81,6.2,3.2,1.06,1
445,61,1,0.8,0.2,163,18,19,6.3,2.8,0.8,2
446,17,1,0.9,0.2,279,40,46,7.3,4.0,1.2,2
447,54,1,0.8,0.2,181,35,20,5.5,2.7,0.96,1
449,48,0,0.8,0.2,142,26,25,6.0,2.6,0.7,1
450,48,0,0.9,0.2,173,26,27,6.2,3.1,1.0,1
451,65,1,7.9,4.3,282,50,72,6.0,3.0,1.0,1
452,35,1,0.8,0.2,279,20,25,7.2,3.2,0.8,1
454,46,1,0.7,0.2,224,40,23,7.1,3.0,0.7,1
455,28,1,0.6,0.2,159,15,16,7.0,3.5,1.0,2
456,21,0,0.6,0.1,186,25,22,6.8,3.4,1.0,1
457,32,1,0.7,0.2,189,22,43,7.4,3.1,0.7,2
458,61,1,0.8,0.2,192,28,35,6.9,3.4,0.9,2
459,26,1,6.8,3.2,140,37,19,3.6,0.9,0.3,1
460,65,1,1.1,0.5,686,16,46,5.7,1.5,0.35,1
462,28,0,0.8,0.2,309,55,23,6.8,4.1,1.51,1
463,38,1,0.7,0.2,110,22,18,6.4,2.5,0.64,1
464,25,1,0.8,0.1,130,23,42,8.0,4.0,1.0,1
465,45,0,0.7,0.2,164,21,53,4.5,1.4,0.45,2
466,45,0,0.6,0.1,270,23,42,5.1,2.0,0.5,2
467,28,0,0.6,0.1,137,22,16,4.9,1.9,0.6,2
469,66,1,1.0,0.3,190,30,54,5.3,2.1,0.6,1
470,66,1,0.8,0.2,165,22,32,4.4,2.0,0.8,1
471,66,1,1.1,0.5,167,13,56,7.1,4.1,1.36,1
472,49,0,0.6,0.1,185,17,26,6.6,2.9,0.7,2
473,42,1,0.7,0.2,197,64,33,5.8,2.4,0.7,2
474,42,1,1.0,0.3,154,38,21,6.8,3.9,1.3,2
475,35,1,2.0,1.1,226,33,135,6.0,2.7,0.8,2
477,38,1,0.9,0.3,310,15,25,5.5,2.7,1.0,1
478,55,1,0.6,0.2,220,24,32,5.1,2.4,0.88,1
479,33,1,7.1,3.7,196,622,497,6.9,3.6,1.09,1
480,33,1,3.4,1.6,186,779,844,7.3,3.2,0.7,1
481,7,1,0.5,0.1,352,28,51,7.9,4.2,1.1,2
482,45,1,2.3,1.3,282,132,368,7.3,4.0,1.2,1
484,30,1,0.8,0.2,182,46,57,7.8,4.3,1.2,2
485,62,1,5.0,2.1,103,18,40,5.0,2.1,1.72,1
486,22,0,6.7,3.2,850,154,248,6.2,2.8,0.8,1
487,42,0,0.8,0.2,195,18,15,6.7,3.0,0.8,1
488,32,1,0.7,0.2,276,102,190,6.0,2.9,0.93,1
489,60,1,0.7,0.2,171,31,26,7.0,3.5,1.0,2
490,65,1,0.8,0.1,146,17,29,5.9,3.2,1.18,2
491,53,0,0.8,0.2,193,96,57,6.7,3.6,1.16,1
492,27,1,1.0,0.3,180,56,111,6.8,3.9,1.85,2
493,35,0,1.0,0.3,805,133,103,7.9,3.3,0.7,1
494,65,1,0.7,0.2,265,30,28,5.2,1.8,0.52,2
495,25,1,0.7,0.2,185,196,401,6.5,3.9,1.5,1
496,32,1,0.7,0.2,165,31,29,6.1,3.0,0.96,2
497,24,1,1.0,0.2,189,52,31,8.0,4.8,1.5,1
498,67,1,2.2,1.1,198,42,39,7.2,3.0,0.7,1
499,68,1,1.8,0.5,151,18,22,6.5,4.0,1.6,1
500,55,1,3.6,1.6,349,40,70,7.2,2.9,0.6,1
501,70,1,2.7,1.2,365,62,55,6.0,2.4,0.6,1
502,36,1,2.8,1.5,305,28,76,5.9,2.5,0.7,1
503,42,1,0.8,0.2,127,29,30,4.9,2.7,1.2,1
504,53,1,19.8,10.4,238,39,221,8.1,2.5,0.4,1
506,32,1,32.6,14.1,219,95,235,5.8,3.1,1.1,1
507,56,1,17.7,8.8,239,43,185,5.6,2.4,0.7,1
510,46,1,20.0,10.0,254,140,540,5.4,3.0,1.2,1
511,37,0,0.8,0.2,205,31,36,9.2,4.6,1.0,2
512,45,1,2.2,1.6,320,37,48,6.8,3.4,1.0,1
513,56,1,1.0,0.3,195,22,28,5.8,2.6,0.8,2
514,69,1,0.9,0.2,215,32,24,6.9,3.0,0.7,1
515,49,1,1.0,0.3,230,48,58,8.4,4.2,1.0,1
516,49,1,3.9,2.1,189,65,181,6.9,3.0,0.7,1
517,60,1,0.9,0.3,168,16,24,6.7,3.0,0.8,1
518,28,1,0.9,0.2,215,50,28,8.0,4.0,1.0,1
519,45,1,2.9,1.4,210,74,68,7.2,3.6,1.0,1
520,35,1,26.3,12.1,108,168,630,9.2,2.0,0.3,1
521,62,1,1.8,0.9,224,69,155,8.6,4.0,0.8,1
522,55,1,4.4,2.9,230,14,25,7.1,2.1,0.4,1
523,46,0,0.8,0.2,185,24,15,7.9,3.7,0.8,1
524,50,1,0.6,0.2,137,15,16,4.8,2.6,1.1,1
525,29,1,0.8,0.2,156,12,15,6.8,3.7,1.1,2
526,53,0,0.9,0.2,210,35,32,8.0,3.9,0.9,2
527,46,1,9.4,5.2,268,21,63,6.4,2.8,0.8,1
528,40,1,3.5,1.6,298,68,200,7.1,3.4,0.9,1
529,45,1,1.7,0.8,315,12,38,6.3,2.1,0.5,1
530,55,1,3.3,1.5,214,54,152,5.1,1.8,0.5,1
531,22,0,1.1,0.3,138,14,21,7.0,3.8,1.1,2
532,40,1,30.8,18.3,285,110,186,7.9,2.7,0.5,1
533,62,1,0.7,0.2,162,12,17,8.2,3.2,0.6,2
534,46,0,1.4,0.4,298,509,623,3.6,1.0,0.3,1
535,39,1,1.6,0.8,230,88,74,8.0,4.0,1.0,2
536,60,1,19.6,9.5,466,46,52,6.1,2.0,0.4,1
537,46,1,15.8,7.2,227,67,220,6.9,2.6,0.6,1
538,10,0,0.8,0.1,395,25,75,7.6,3.6,0.9,1
540,65,0,0.7,0.2,406,24,45,7.2,3.5,0.9,2
541,42,1,0.8,0.2,114,21,23,7.0,3.0,0.7,2
542,42,1,0.8,0.2,198,29,19,6.6,3.0,0.8,2
543,62,1,0.7,0.2,173,46,47,7.3,4.1,1.2,2
544,40,1,1.2,0.6,204,23,27,7.6,4.0,1.1,1
545,54,0,5.5,3.2,350,67,42,7.0,3.2,0.8,1
546,45,0,0.7,0.2,153,41,42,4.5,2.2,0.9,2
547,45,1,20.2,11.7,188,47,32,5.4,2.3,0.7,1
549,42,1,11.1,6.1,214,60,186,6.9,2.8,2.8,1
550,40,0,2.1,1.0,768,74,141,7.8,4.9,1.6,1
551,46,1,3.3,1.5,172,25,41,5.6,2.4,0.7,1
552,29,1,1.2,0.4,160,20,22,6.2,3.0,0.9,2
553,45,1,0.6,0.1,196,29,30,5.8,2.9,1.0,1
554,46,1,10.2,4.2,232,58,140,7.0,2.7,0.6,1
555,73,1,1.8,0.9,220,20,43,6.5,3.0,0.8,1
556,55,1,0.8,0.2,290,139,87,7.0,3.0,0.7,1
557,51,1,0.7,0.1,180,25,27,6.1,3.1,1.0,1
558,51,1,2.9,1.2,189,80,125,6.2,3.1,1.0,1
559,51,1,4.0,2.5,275,382,330,7.5,4.0,1.1,1
561,66,1,15.2,7.7,356,321,562,6.5,2.2,0.4,1
562,66,1,16.6,7.6,315,233,384,6.9,2.0,0.4,1
563,66,1,17.3,8.5,388,173,367,7.8,2.6,0.5,1
564,64,1,1.4,0.5,298,31,83,7.2,2.6,0.5,1
565,38,0,0.6,0.1,165,22,34,5.9,2.9,0.9,2
567,50,0,1.0,0.3,191,22,31,7.8,4.0,1.0,2
568,52,1,2.7,1.4,251,20,40,6.0,1.7,0.39,1
569,20,0,16.7,8.4,200,91,101,6.9,3.5,1.02,1
571,16,1,2.6,1.2,236,131,90,5.4,2.6,0.9,1
572,90,1,1.1,0.3,215,46,134,6.9,3.0,0.7,1
574,32,1,3.7,1.6,612,50,88,6.2,1.9,0.4,1
575,32,1,12.1,6.0,515,48,92,6.6,2.4,0.5,1
576,32,1,25.0,13.7,560,41,88,7.9,2.5,2.5,1
577,32,1,15.0,8.2,289,58,80,5.3,2.2,0.7,1
578,32,1,12.7,8.4,190,28,47,5.4,2.6,0.9,1
579,60,1,0.5,0.1,500,20,34,5.9,1.6,0.37,2
582,31,1,1.3,0.5,184,29,32,6.8,3.4,1.0,1
583,38,1,1.0,0.3,216,21,24,7.3,4.4,1.5,2
